,Age,Age,Age,Salary,Salary
,mean,min,max,mean,sum
City,,,,,
Berlin,27.428571428571427,23,33,54142.857142857145,379000
London,31.666666666666668,24,39,65000.0,585000
New York,30.714285714285715,22,41,65857.14285714286,461000
Paris,32.0,26,40,67500.0,540000
